,Model,Accuracy,Precision,Recall,F1 Score
0,Random Forest,1,1,1,1
1,SVM,0.875,0.9,0.875,0.873015873015873
2,Neural Network,0.875,0.9,0.875,0.873015873015873
